{
  "metadata": {
    "cohort": "SP99-TEST",
    "n_galaxies": 34
  },
  "theories": {
    "newtonian": {
      "display": "Newtonian",
      "n": 34,
      "pass_20_count": 8,
      "pass_20_rate": 23.529411764705884,
      "wilson_ci": [
        0.12436838109244344,
        0.3999646280826443
      ]
    },
    "mond": {
      "display": "MOND",
      "n": 34,
      "pass_20_count": 8,
      "pass_20_rate": 23.529411764705884,
      "wilson_ci": [
        0.12436838109244344,
        0.3999646280826443
      ]
    },
    "nfw_halo": {
      "display": "NFW halo",
      "n": 34,
      "pass_20_count": 10,
      "pass_20_rate": 29.41176470588235,
      "wilson_ci": [
        0.16834452609931952,
        0.4616922588146376
      ]
    },
    "rft_v2": {
      "display": "RFT v2",
      "n": 34,
      "pass_20_count": 20,
      "pass_20_rate": 58.8235294117647,
      "wilson_ci": [
        0.42221304146519273,
        0.7363426221431113
      ]
    }
  },
  "head_to_head": {
    "rft_vs_nfw": {
      "rft_wins": [
        "DDO154",
        "F583-1",
        "KK98-251",
        "NGC0247",
        "NGC0300",
        "NGC2366",
        "NGC2403",
        "NGC4183",
        "UGC00128",
        "UGC04278",
        "UGC05716",
        "UGC06446"
      ],
      "competitor_wins": [
        "NGC3877",
        "NGC5371"
      ],
      "ties": [
        "ESO563-G021",
        "F568-V1",
        "F579-V1",
        "IC2574",
        "NGC2841",
        "NGC3198",
        "NGC4010",
        "NGC4088",
        "NGC4559",
        "NGC5005",
        "NGC5055",
        "NGC6946",
        "UGC03546",
        "UGC05253",
        "UGC05721",
        "UGC05986",
        "UGC06786",
        "UGC06787",
        "UGC08699",
        "UGC12506"
      ],
      "rft_win_count": 12,
      "competitor_win_count": 2,
      "tie_count": 20
    },
    "rft_vs_mond": {
      "rft_wins": [
        "DDO154",
        "F583-1",
        "KK98-251",
        "NGC0247",
        "NGC0300",
        "NGC2366",
        "NGC2403",
        "NGC4183",
        "NGC4559",
        "UGC00128",
        "UGC04278",
        "UGC05716",
        "UGC06446",
        "UGC06786"
      ],
      "competitor_wins": [
        "NGC3877",
        "NGC5371"
      ],
      "ties": [
        "ESO563-G021",
        "F568-V1",
        "F579-V1",
        "IC2574",
        "NGC2841",
        "NGC3198",
        "NGC4010",
        "NGC4088",
        "NGC5005",
        "NGC5055",
        "NGC6946",
        "UGC03546",
        "UGC05253",
        "UGC05721",
        "UGC05986",
        "UGC06787",
        "UGC08699",
        "UGC12506"
      ],
      "rft_win_count": 14,
      "competitor_win_count": 2,
      "tie_count": 18
    }
  },
  "proportion_tests": {
    "rft_vs_nfw": {
      "z_score": 2.442316990216822,
      "p_value": 0.01459332657197554
    },
    "rft_vs_mond": {
      "z_score": 2.9568322818274875,
      "p_value": 0.003108171328721099
    }
  },
  "lsb_hsb_split": {
    "threshold_kms": 120.0,
    "lsb": {
      "n": 15,
      "names": [
        "DDO154",
        "F568-V1",
        "F579-V1",
        "F583-1",
        "IC2574",
        "KK98-251",
        "NGC0247",
        "NGC0300",
        "NGC2366",
        "NGC4183",
        "UGC04278",
        "UGC05716",
        "UGC05721",
        "UGC05986",
        "UGC06446"
      ],
      "newtonian": {
        "pass_count": 0,
        "rate": 0.0
      },
      "mond": {
        "pass_count": 0,
        "rate": 0.0
      },
      "nfw_halo": {
        "pass_count": 0,
        "rate": 0.0
      },
      "rft_v2": {
        "pass_count": 10,
        "rate": 66.66666666666666
      }
    },
    "hsb": {
      "n": 19,
      "names": [
        "ESO563-G021",
        "NGC2403",
        "NGC2841",
        "NGC3198",
        "NGC3877",
        "NGC4010",
        "NGC4088",
        "NGC4559",
        "NGC5005",
        "NGC5055",
        "NGC5371",
        "NGC6946",
        "UGC00128",
        "UGC03546",
        "UGC05253",
        "UGC06786",
        "UGC06787",
        "UGC08699",
        "UGC12506"
      ],
      "newtonian": {
        "pass_count": 8,
        "rate": 42.10526315789473
      },
      "mond": {
        "pass_count": 8,
        "rate": 42.10526315789473
      },
      "nfw_halo": {
        "pass_count": 10,
        "rate": 52.63157894736842
      },
      "rft_v2": {
        "pass_count": 10,
        "rate": 52.63157894736842
      }
    }
  }
}